{"cameraMode":{"drawMode":0,"name":"Shaded","section":"Shading Mode"},"sceneLighting":true,"audioPlay":false,"sceneViewState":{"showFog":true,"showMaterialUpdate":true,"showSkybox":true,"showFlares":true,"showImageEffects":true,"showParticleSystems":true},"in2DMode":false,"pivot":{"x":-32.7412109375,"y":-20.23771095275879,"z":-11.869881629943848},"rotation":{"x":-0.19692468643188477,"y":0.7085055708885193,"z":-0.21697185933589936,"w":-0.6423346400260925},"size":25.22208595275879,"orthographic":false}